{
  "trts_no_service": {
    "sounds": [
      {
        "name": "mtr:trts/no_service",
        "pitch": 1
      }
    ]
  },
  "trts_no_food": {
    "sounds": [
      {
        "name": "mtr:trts/no_food",
        "pitch": 1
      }
    ]
  },
  "trts_move_to_center": {
    "sounds": [
      {
        "name": "mtr:trts/move_to_center",
        "pitch": 1
      }
    ]
  },
  "trts_door_open_left": {
    "sounds": [
      {
        "name": "mtr:trts/door_open_left",
        "pitch": 1
      }
    ]
  },
  "trts_door_open_right": {
    "sounds": [
      {
        "name": "mtr:trts/door_open_right",
        "pitch": 1
      }
    ]
  },
	"trts_door_close_buzzer": {
		"sounds": [
			{
				"name": "mtr:trts/door_close_buzzer",
				"pitch": 1
			}
		]
	},
	"trts_terminal": {
		"sounds": [
			{
				"name": "mtr:trts/terminal",
				"pitch": 1
			}
		]
	},
	"trts_transfer": {
		"sounds": [
			{
				"name": "mtr:trts/transfer",
				"pitch": 1
			}
		]
	},
	"tra_door_close_buzzer": {
		"sounds": [
			{
				"name": "mtr:tra/door_close_buzzer",
				"pitch": 1
			}
		]
	},
	"trts_dont_rush": {
		"sounds": [
			{
				"name": "mtr:trts/dont_rush",
				"pitch": 1
			}
		]
	},
	"trts_red_in": {
		"sounds": [
			{
				"name": "mtr:trts/red_in",
				"pitch": 1
			}
		]
	},
	"trts_green_in": {
		"sounds": [
			{
				"name": "mtr:trts/green_in",
				"pitch": 1
			}
		]
	},
	"trts_blue_in": {
		"sounds": [
			{
				"name": "mtr:trts/blue_in",
				"pitch": 1
			}
		]
	},
	"thsr_door_close_buzzer": {
		"sounds": [
			{
				"name": "mtr:thsr/door_close_buzzer",
				"pitch": 1
			}
		]
	},
	"tym_in": {
		"sounds": [
			{
				"name": "mtr:tym/in",
				"pitch": 1
			}
		]
	},
	"tym_door_close_buzzer": {
		"sounds": [
			{
				"name": "mtr:tym/door_close_buzzer",
				"pitch": 1
			}
		]
	}
}

